question,answer,topic,answer_relevancy,faithfulness,context_relevance,context_utilization,response_groundedness,evaluator_llm,embeddings_model
What is LangChain and when was it founded?,"LangChain is an agent engineering platform that provides open-source frameworks and commercial tools for building, testing, observing, and deploying reliable AI agents. It powers top engineering teams from AI startups to global enterprises and includes products like LangChain, LangGraph, Deep Agents, and LangSmith. LangChain started as a side project by Harrison Chase in late 2022 and was founded as a company in early 2023 by Harrison Chase and co-founder Ankush Gola.",langchain,0.9247694911056662,1.0,1.0,0.99999999995,1.0,gemma-4-26B-A4B-it,text-embedding-3-large
How does LangSmith compare to Langfuse in terms of features and capabilities?,"LangSmith offers a more comprehensive set of features compared to Langfuse, covering the full agent engineering lifecycle. While Langfuse focuses on tracing and prompt management, which is useful for early-stage LLM applications, LangSmith adds advanced capabilities such as production evaluation automation rules, production alerting, and managed deployment for long-running agents.

LangSmith also includes a library of over 30 evaluator templates for trajectory evaluations, safety checks, and multimodal outputs—features that Langfuse does not address. It supports OpenTelemetry ingestion, making it easy to migrate existing instrumentation, and provides a smooth dataset migration process with support included in its Plus and Enterprise tiers.

Overall, LangSmith creates a closed feedback loop that connects every stage of agent engineering, turning production traces into regression tests, using an Insights Agent to analyze failure modes, and enabling systematic quality improvements driven by production data rather than guesswork. This makes LangSmith better suited for teams working on complex AI agents and production-scale deployments.",langchain,0.846713169803612,1.0,1.0,0.9999999999666667,1.0,gemma-4-26B-A4B-it,text-embedding-3-large
What is the LLM-as-a-judge approach and what are its known biases?,"The LLM-as-a-judge approach uses a large language model (LLM) to evaluate AI agent outputs as a scalable alternative to human judgment. Instead of relying on traditional NLP metrics that measure surface-level text similarity, an LLM judge assesses qualities that matter to users, such as helpfulness, accuracy, and tone. The process involves giving the LLM a prompt that describes what ""good"" looks like along with the output to evaluate, and the model returns a score or judgment. This approach is effective because it frames evaluation as a focused classification task rather than open-ended generation.

Known biases of LLM-as-a-judge include:

- **Position bias:** Judges tend to favor responses that appear first or last in their context window, causing the same response to receive different scores depending on position.
- **Verbosity bias:** Judges often rate longer responses higher, even when concise answers would be more appropriate.
- **Inconsistency:** The same judge with the same prompt can score the same response differently across runs, leading to noisy evaluation results.
- **Self-enhancement bias:** Models may score their own outputs higher than those from other models.
- **Provenance/recency bias:** Judges may favor stylistic patterns or phrasing associated with recent training data.

These biases can undermine evaluation reliability, so calibration against human judgment and mitigation strategies are important to improve trustworthiness.",llm_biases,0.999999637692256,1.0,1.0,0.9999999999666667,1.0,gemma-4-26B-A4B-it,text-embedding-3-large
